{
  "version": 1,
  "author": "Gautam Ahuja",
  "editor": "wokwi",
  "parts": [
    { "type": "wokwi-arduino-uno", "id": "uno", "top": -64.06, "left": 435.59, "attrs": {} },
    { "type": "wokwi-ds1307", "id": "rtc1", "top": 182.62, "left": 305.39, "attrs": {} },
    { "type": "wokwi-ky-040", "id": "encoder1", "top": -76.74, "left": 106.65, "attrs": {} },
    {
      "type": "wokwi-lcd2004",
      "id": "lcd2",
      "top": 0.75,
      "left": -98.68,
      "attrs": { "pins": "i2c" }
    }
  ],
  "connections": [
    [ "rtc1:GND", "uno:GND.1", "black", [ "h-22.86", "v-106.43", "h232.78" ] ],
    [ "rtc1:5V", "uno:5V", "red", [ "h-42.6", "v132.79", "h305.16" ] ],
    [ "rtc1:SDA", "uno:A4", "green", [ "h-31.09", "v141.39", "h369.32" ] ],
    [ "rtc1:SCL", "uno:A5", "blue", [ "h-20.4", "v144.23", "h372.61" ] ],
    [ "encoder1:CLK", "uno:2", "green", [ "h0" ] ],
    [ "encoder1:DT", "uno:3", "green", [ "h0" ] ],
    [ "encoder1:SW", "uno:4", "green", [ "h0" ] ],
    [ "encoder1:GND", "uno:GND.1", "black", [ "h0" ] ],
    [ "encoder1:VCC", "uno:5V", "red", [ "h0" ] ],
    [ "lcd2:GND", "rtc1:GND", "black", [ "h0" ] ],
    [ "lcd2:SDA", "uno:A4", "green", [ "h0" ] ],
    [ "lcd2:SCL", "uno:A5", "green", [ "h0" ] ]
  ]
}